Fecha,Email,Mensaje
"2025-09-03 15:24:04",Arduino64@tormails.coma,aa
"2025-09-03 15:25:10",renxxavi@outlook.com,a
"2025-09-03 15:28:06",a2dd6ef179@emailawb.pro,aa
"2025-09-03 15:29:50",a2dd6ef179@emailawb.pro,a
"2025-09-03 15:32:27",a2dd6ef179@emailawb.pro,a
"2025-09-03 15:33:23",a2dd6ef179@emailawb.pro,a
"2025-09-03 15:33:35",a2dd6ef179@emailawb.proaa,a
"2025-09-03 15:34:28",renxxavi@outlook.com,a
"2025-09-03 15:42:18",renzxavi@gmail.com,a
"2025-09-03 15:42:31",a2dd6ef179@emailawb.pro,a
"2025-09-03 15:42:59",renzxavi@gmail.com,aa
"2025-09-03 16:52:57",gew@gmail.com,aaa
"2025-09-03 22:06:16",renxxavi@outlook.com,aaxvcdcd
"2025-09-04 04:40:45",a2dd6ef179@emailawb.pro,aasswsws
"2025-09-05 06:38:11",a2dd6ef179@emailawb.pro,aa
"2025-09-05 06:38:37",qaaa@gmail.comaqaq,aa
